{
    "LEFT_FINGER_POSITIONS": {
        "P0": [
            0.3834320306777954,
            -0.25715047121047974,
            1.5811803340911865
        ],
        "P1": [
            0.3586442470550537,
            -0.25749194622039795,
            1.6082234382629395
        ],
        "P2": [
            0.18193602561950684,
            -0.25370147824287415,
            1.4057940244674683
        ],
        "P3": [
            0.15256653726100922,
            -0.25373613834381104,
            1.4401087760925293
        ],
        "Barre_P0": [
            0.36922791600227356,
            -0.25715047121047974,
            1.5972055196762085
        ],
        "Barre_P1": [
            0.3468468487262726,
            -0.25749194622039795,
            1.6194590330123901
        ],
        "Barre_P2": [
            0.16677048802375793,
            -0.25223955512046814,
            1.4262828826904297
        ],
        "Barre_P3": [
            0.14069047570228577,
            -0.25223955512046814,
            1.4551823139190674
        ]
    },
    "INNER_LEFT_HAND_POSITIONS": {
        "P3": {
            "H_L": [
                0.2584945261478424,
                -0.17530982196331024,
                1.3855116367340088
            ],
            "HP_L": [
                -0.15587873756885529,
                -0.344943106174469,
                0.7263153791427612
            ],
            "T_L": [
                0.231423020362854,
                -0.22190435230731964,
                1.4965739250183105
            ],
            "TP_L": [
                0.3507782518863678,
                -0.30291181802749634,
                1.511697769165039
            ]
        },
        "P1": {
            "H_L": [
                0.3843235373497009,
                -0.18521226942539215,
                1.4972679615020752
            ],
            "HP_L": [
                0.2040022313594818,
                -0.3449431359767914,
                0.9489917159080505
            ],
            "T_L": [
                0.3905569016933441,
                -0.23416030406951904,
                1.5993821620941162
            ],
            "TP_L": [
                0.4939769208431244,
                -0.2672858238220215,
                1.5192841291427612
            ]
        }
    },
    "NORMAL_LEFT_HAND_POSITIONS": {
        "P0": {
            "H_L": [
                0.39564427733421326,
                -0.1942843794822693,
                1.4827181100845337
            ],
            "HP_L": [
                0.19208265841007233,
                -0.3957473933696747,
                1.1389501094818115
            ],
            "T_L": [
                0.39490121603012085,
                -0.22848421335220337,
                1.6143544912338257
            ],
            "TP_L": [
                0.49139803647994995,
                -0.2529473304748535,
                1.5226893424987793
            ]
        },
        "P1": {
            "H_L": [
                0.36805978417396545,
                -0.19563519954681396,
                1.4713951349258423
            ],
            "HP_L": [
                0.19208265841007233,
                -0.3957473933696747,
                1.1389501094818115
            ],
            "TP_L": [
                0.4939769208431244,
                -0.2672858238220215,
                1.5192841291427612
            ],
            "T_L": [
                0.37895920872688293,
                -0.23071330785751343,
                1.5952019691467285
            ]
        },
        "P2": {
            "TP_L": [
                0.2539881765842438,
                -0.3454197943210602,
                1.509243369102478
            ],
            "T_L": [
                0.21021775901317596,
                -0.23729516565799713,
                1.428905725479126
            ],
            "H_L": [
                0.2179260551929474,
                -0.17125557363033295,
                1.3228312730789185
            ],
            "HP_L": [
                -0.21713054180145264,
                -0.3449431359767914,
                0.9634082913398743
            ],
            "TP_R": [
                -0.07958556711673737,
                -0.25261688232421875,
                1.4071476459503174
            ]
        },
        "P3": {
            "H_L": [
                0.20558598637580872,
                -0.17813698947429657,
                1.3382575511932373
            ],
            "TP_L": [
                0.24764427542686462,
                -0.3105347752571106,
                1.511697769165039
            ],
            "T_L": [
                0.19448472559452057,
                -0.2192009687423706,
                1.4597809314727783
            ],
            "HP_L": [
                -0.20394068956375122,
                -0.3449431359767914,
                0.9262368679046631
            ],
            "TP_R": [
                -0.07958556711673737,
                -0.25261688232421875,
                1.4071476459503174
            ]
        }
    },
    "OUTER_LEFT_HAND_POSITIONS": {
        "P2": {
            "T_L": [
                0.18597377836704254,
                -0.2268439382314682,
                1.415938138961792
            ],
            "H_L": [
                0.1668110489845276,
                -0.1871136724948883,
                1.3063679933547974
            ],
            "HP_L": [
                -0.15719832479953766,
                -0.3449431359767914,
                0.8896223902702332
            ],
            "TP_L": [
                0.2539881765842438,
                -0.3454197943210602,
                1.509243369102478
            ]
        },
        "P0": {
            "H_L": [
                0.34338659048080444,
                -0.211390882730484,
                1.4612984657287598
            ],
            "HP_L": [
                -0.1733677238225937,
                -0.41806456446647644,
                0.6903958320617676
            ],
            "T_L": [
                0.37052789330482483,
                -0.23745614290237427,
                1.575563907623291
            ],
            "TP_L": [
                0.49139803647994995,
                -0.2529473304748535,
                1.5226893424987793
            ]
        }
    },
    "BARRE_LEFT_HAND_POSITIONS": {
        "P1": {
            "H_L": [
                0.37487146258354187,
                -0.18521226942539215,
                1.4792640209197998
            ],
            "HP_L": [
                0.22613205015659332,
                -0.4181831181049347,
                1.0750222206115723
            ],
            "TP_L": [
                0.4939769208431244,
                -0.2672858238220215,
                1.5192841291427612
            ],
            "T_L": [
                0.3905569016933441,
                -0.23416030406951904,
                1.5993821620941162
            ]
        },
        "P2": {
            "TP_L": [
                0.24764427542686462,
                -0.3105347752571106,
                1.511697769165039
            ],
            "T_L": [
                0.20464010536670685,
                -0.2356821894645691,
                1.4358930587768555
            ],
            "H_L": [
                0.22273404896259308,
                -0.16897794604301453,
                1.3082499504089355
            ],
            "HP_L": [
                -0.20394068956375122,
                -0.3449431359767914,
                0.9262368679046631
            ],
            "TP_R": [
                -0.08525440096855164,
                -0.25261688232421875,
                1.4106361865997314
            ]
        },
        "P3": {
            "H_L": [
                0.20335108041763306,
                -0.1639319807291031,
                1.3279433250427246
            ],